"Title","HFHS","F","B","E","G","H","D","C","A"
"Total","117.3119484892764","0.10224337515572166","8.22219336334136","12.04188684544524","26.17655453611165","32.58070931368704","54.421232640109494","67.7315582585607","466.8583942143292"
"Non Labor","120.60660479663801","0.10224337515572166","0.7297047808467049","0","16.681245997110473","2.2632471186060843","54.421232640109494","-0.05580711865958616","0"
"Regional","0","0","0","0","8.301590059428946","0","0","0","0"
"Corporate","-3.2946563073616075","0","7.492488582494654","12.04188684544524","1.1937184795722307","30.317462195080957","0","67.78736537722028","466.8583942143292"
"Adj Admissions","165616","89904","66871","48850","268556","89245","138820","43688","75566"